{
  "position_4456015": {
    "2025-05-12": {
      "token0_symbol": "WBTC",
      "token1_symbol": "WETH",
      "tokens_owed0_raw": 576,
      "tokens_owed1_raw": 249908891304729,
      "tokens_owed0_actual": 5.76e-06,
      "tokens_owed1_actual": 0.000249908891304729,
      "token0_usd_value": 0.5916672,
      "token1_usd_value": 0.620148913772685,
      "total_usd_value": 1.2118161137726848
    }
  }
}